"author_name","repo","commit_count","commit_sec_min","commit_sec_max"
"Alisdair McDiarmid","hashicorp/hcl",72,1585168558,1663943445
"Alisdair McDiarmid","hashicorp/terraform",743,1540419643,1663951618
"Alisdair McDiarmid","hashicorp/terraform-config-inspect",7,1587383143,1637009955
"Alisdair McDiarmid","hashicorp/terraform-json",2,1631651715,1647245014
"Armon Dadgar","armon/bloomd",515,1327809607,1533748699
"Armon Dadgar","armon/circbuf",7,1398802583,1550171132
"Armon Dadgar","armon/consul-api",34,1402609410,1517602615
"Armon Dadgar","armon/consul-kv",10,1398532504,1422661939
"Armon Dadgar","armon/erl-rstar",106,1353112295,1531270596
"Armon Dadgar","armon/go-chord",96,1373916824,1483466606
"Armon Dadgar","armon/go-proxyproto",7,1394239427,1549896856
"Armon Dadgar","armon/go-radix",22,1406855185,1668786346
"Armon Dadgar","armon/go-socks5",35,1390434591,1472841757
"Armon Dadgar","armon/hlld",120,1368221303,1613066244
"Armon Dadgar","armon/libart",47,1367955970,1613066468
"Armon Dadgar","armon/pypred",247,1360262326,1533748867
"Armon Dadgar","armon/relay",45,1375754396,1440725030
"Armon Dadgar","basho/riak-python-client",16,1329248524,1331081619
"Armon Dadgar","briandowns/openweathermap",3,1413648583,1413650553
"Armon Dadgar","cython/cython",2,1315281399,1315281399
"Armon Dadgar","gopheracademy/gopheracademy-web",2,1418860048,1418870231
"Armon Dadgar","hashicorp/atlas-go",3,1418085323,1418087187
"Armon Dadgar","hashicorp/best-practices",1,1517441208,1517441208
"Armon Dadgar","hashicorp/consul",1241,1383603327,1533756383
"Armon Dadgar","hashicorp/consul-haproxy",36,1404340200,1413836344
"Armon Dadgar","hashicorp/consul-replicate",21,1402599766,1439313807
"Armon Dadgar","hashicorp/consul-template",24,1416526772,1449514096
"Armon Dadgar","hashicorp/envconsul",14,1403846825,1415747315
"Armon Dadgar","hashicorp/go-checkpoint",4,1409690728,1416334360
"Armon Dadgar","hashicorp/go-immutable-radix",28,1433186267,1456125000
"Armon Dadgar","hashicorp/go-memdb",16,1434495269,1456171358
"Armon Dadgar","hashicorp/go-syslog",7,1399056414,1402596680
"Armon Dadgar","hashicorp/golang-lru",44,1407363293,1517529157
"Armon Dadgar","hashicorp/logutils",2,1386180268,1414026611
"Armon Dadgar","hashicorp/mdns",33,1391024358,1426614176
"Armon Dadgar","hashicorp/memberlist",264,1378760367,1533772420
"Armon Dadgar","hashicorp/net-rpc-msgpackrpc",2,1413596257,1422995098
"Armon Dadgar","hashicorp/nomad",753,1433154060,1505451917
"Armon Dadgar","hashicorp/otto",5,1443425388,1471653014
"Armon Dadgar","hashicorp/packer",9,1378404577,1418167776
"Armon Dadgar","hashicorp/raft",400,1383612080,1458587821
"Armon Dadgar","hashicorp/raft-boltdb",2,1422671631,1507648690
"Armon Dadgar","hashicorp/raft-mdb",14,1397937534,1438901673
"Armon Dadgar","hashicorp/serf",604,1380665570,1533757623
"Armon Dadgar","hashicorp/terraform",360,1404758133,1421788825
"Armon Dadgar","hashicorp/vagrant",1,1498606139,1498606139
"Armon Dadgar","hashicorp/vault",653,1424823359,1498587766
"Armon Dadgar","hashicorp/vault-ssh-helper",1,1436761336,1436761336
"Armon Dadgar","hashicorp/yamux",61,1400785726,1539366658
"Armon Dadgar","kelseyhightower/confd",12,1398569312,1398574320
"Armon Dadgar","miekg/dns",1,1388791175,1388791175
"Armon Dadgar","mitchellh/mapstructure",1,1386372551,1386372551
"Armon Dadgar","szferi/gomdb",14,1387221513,1517602587
"Brian Flad","aws/aws-sdk-go",4,1547501749,1602804745
"Brian Flad","chef/bento",6,1383879166,1383899089
"Brian Flad","chef/knife-vsphere",2,1366591373,1366592511
"Brian Flad","chefspec/fauxhai",1,1346274608,1346274608
"Brian Flad","customink-webops/phantomjs",2,1346272585,1346273606
"Brian Flad","goreleaser/goreleaser",2,1594327237,1641517483
"Brian Flad","hashicorp/aws-sdk-go-base",61,1517202325,1618407793
"Brian Flad","hashicorp/consul",1,1623093143,1623093143
"Brian Flad","hashicorp/go-cleanhttp",1,1535474590,1535474590
"Brian Flad","hashicorp/go-getter",2,1601384528,1601398808
"Brian Flad","hashicorp/go-multierror",1,1519061255,1519061255
"Brian Flad","hashicorp/go-plugin",2,1667933434,1667933743
"Brian Flad","hashicorp/go-uuid",1,1535464204,1535464204
"Brian Flad","hashicorp/logutils",1,1535471531,1535471531
"Brian Flad","hashicorp/packer",6,1383879166,1383899089
"Brian Flad","hashicorp/terraform",115,1488191797,1665692974
"Brian Flad","hashicorp/terraform-config-inspect",1,1573811159,1573811159
"Brian Flad","hashicorp/terraform-exec",6,1647448830,1656667214
"Brian Flad","hashicorp/terraform-plugin-sdk",177,1516910168,1669156895
"Brian Flad","hashicorp/terraform-provider-azuread",2,1621026288,1623077679
"Brian Flad","hashicorp/terraform-provider-google",3,1520961852,1642532572
"Brian Flad","hashicorp/terraform-provider-google-beta",2,1520961852,1642532509
"Brian Flad","hashicorp/terraform-provider-null",12,1546923181,1660918882
"Brian Flad","hashicorp/terraform-provider-random",23,1546923011,1663777702
"Brian Flad","hashicorp/vagrant",1,1622063989,1622063989
"Brian Flad","hashicorp/vscode-terraform",1,1622727764,1622727764
"Brian Flad","hmsonline/dropwizard-spring",10,1402945406,1416164840
"Brian Flad","hmsonline/storm-cassandra-cql",33,1406571651,1455572036
"Brian Flad","jantman/awslimitchecker",2,1461638678,1461764591
"Brian Flad","mitchellh/go-testing-interface",1,1629475301,1629475301
"Brian Flad","mitchellh/go-wordwrap",1,1535463227,1535463227
"Brian Flad","mitchellh/hashstructure",1,1535463576,1535463576
"Brian Flad","moby/moby",2,1395711537,1395714594
"Brian Flad","sous-chefs/cron",1,1351620445,1351620445
"Brian Flad","sous-chefs/docker",480,1368245536,1428997590
"Brian Flad","sous-chefs/git",2,1344457138,1349938440
"Brian Flad","sous-chefs/tomcat",1,1365702807,1365702807
"Brian Flad","sous-chefs/users",1,1354824971,1354824971
"Brian Flad","voxpupuli/puppet-elasticsearch",1,1421704780,1421704780
"Chris Arcand","FooBarWidget/default_value_for",17,1493835458,1611245565
"Chris Arcand","ManageIQ/manageiq",259,1454524638,1521044475
"Chris Arcand","ManageIQ/manageiq-ui-classic",47,1454524638,1510631044
"Chris Arcand","github-linguist/linguist",1,1452948655,1452948655
"Chris Arcand","hashicorp/consul",1,1580726665,1580726665
"Chris Arcand","hashicorp/go-retryablehttp",1,1572986575,1572986575
"Chris Arcand","hashicorp/nomad",1,1576003076,1576003076
"Chris Arcand","hashicorp/terraform",90,1562862581,1639497530
"Chris Arcand","hashicorp/terraform-plugin-sdk",1,1562953591,1562953591
"Chris Arcand","hashicorp/vault-rails",24,1583765992,1616612454
"Chris Arcand","hashicorp/vault-ruby",2,1599660344,1599748358
"Chris Arcand","illacceptanything/illacceptanything",7,1457713354,1523649144
"Chris Arcand","octobox/octobox",56,1484350332,1569250354
"Chris Arcand","rails/rails",7,1457713354,1523649144
"Chris Arcand","rspec/rspec-expectations",6,1429016850,1430332794
"Chris Arcand","sportngin/okcomputer",21,1468893788,1524271483
"Chris Arcand","testdouble/jasmine-rails",1,1474229463,1474229463
"Chris Griggs","GoogleCloudPlatform/terraform-google-managed-instance-group",1,1505767578,1505767578
"Chris Griggs","GoogleCloudPlatform/terraform-google-nat-gateway",1,1505769238,1505769238
"Chris Griggs","hashicorp/consul",1,1499374212,1499374212
"Chris Griggs","hashicorp/packer",1,1658403749,1658403749
"Chris Griggs","hashicorp/terraform",191,1513808801,1634320507
"Chris Griggs","hashicorp/terraform-plugin-sdk",28,1523551400,1565994210
"Chris Griggs","hashicorp/terraform-provider-google",2,1569370144,1569432767
"Chris Griggs","hashicorp/vault",1,1541465455,1541465455
"Chris Griggs","terraform-google-modules/terraform-google-lb-http",1,1505767168,1505767168
"Chris Griggs","terraform-google-modules/terraform-google-lb-internal",1,1505767446,1505767446
"Chris Griggs","terraform-google-modules/terraform-google-sql-db",1,1505768015,1505768015
"Chris Marchesi","golang/go",3,1551843888,1551988881
"Chris Marchesi","google/go-querystring",1,1457659212,1457659212
"Chris Marchesi","hashicorp/consul",3,1480925273,1559853114
"Chris Marchesi","hashicorp/go-getter",12,1541641226,1549563642
"Chris Marchesi","hashicorp/go-retryablehttp",2,1619225705,1619547282
"Chris Marchesi","hashicorp/hcl",7,1581648700,1591306602
"Chris Marchesi","hashicorp/terraform",105,1460663711,1564691501
"Chris Marchesi","hashicorp/terraform-json",89,1548110366,1620345800
"Chris Marchesi","hashicorp/terraform-plugin-sdk",77,1475431329,1564685827
"Chris Marchesi","highlightjs/highlight.js",2,1573734700,1575071458
"Chris Marchesi","letsencrypt/website",2,1616237157,1618045522
"Chris Marchesi","mitchellh/copystructure",1,1620068269,1620068269
"Chris Marchesi","mitchellh/reflectwalk",1,1620065142,1620065142
"Chris Marchesi","rancher/os",2,1508544553,1520373627
"Chris Marchesi","sous-chefs/aws",9,1441739078,1454463681
"Chris Marchesi","sous-chefs/php",1,1431742819,1431742819
"Chris Marchesi","vmware/govmomi",1,1518483417,1518483417
"Clint Shryock","Azure/azure-sdk-for-go",3,1438372362,1438612054
"Clint Shryock","BigZaphod/Chameleon",1,1300899690,1300899690
"Clint Shryock","ForceCLI/force",8,1387319050,1391141841
"Clint Shryock","Homebrew/legacy-homebrew",9,1297909201,1380745751
"Clint Shryock","Linuxbrew/legacy-linuxbrew",9,1297909201,1380745751
"Clint Shryock","btobolaski/terraform-provider-linode",1,1469822757,1469822757
"Clint Shryock","cloudfoundry/ruby-buildpack",6,1360248747,1384285701
"Clint Shryock","codetriage/CodeTriage",3,1353507194,1354134502
"Clint Shryock","davetron5000/optparse-plus",1,1324568631,1324568631
"Clint Shryock","hashicorp/consul",2,1417668386,1433165694
"Clint Shryock","hashicorp/consul-template",1,1532986032,1532986032
"Clint Shryock","hashicorp/docker-hub-images",11,1471642042,1495739693
"Clint Shryock","hashicorp/docker-vault",1,1619443799,1619443799
"Clint Shryock","hashicorp/envconsul",6,1541535270,1542298929
"Clint Shryock","hashicorp/go-getter",1,1445284285,1445284285
"Clint Shryock","hashicorp/nomad",81,1440606750,1450369542
"Clint Shryock","hashicorp/packer",37,1422141947,1436880896
"Clint Shryock","hashicorp/raft",3,1569253214,1579213020
"Clint Shryock","hashicorp/raft-boltdb",1,1571672588,1571672588
"Clint Shryock","hashicorp/terraform",917,1423608472,1507064453
"Clint Shryock","hashicorp/terraform-provider-google",10,1459806995,1525213349
"Clint Shryock","hashicorp/vagrant",2,1401372743,1401373092
"Clint Shryock","hashicorp/vault",84,1534376489,1629299111
"Clint Shryock","hashicorp/vault-ssh-helper",1,1597863056,1597863056
"Clint Shryock","heroku/heroku-buildpack-go",1,1390486425,1390486425
"Clint Shryock","heroku/heroku-buildpack-java",1,1384287767,1384287767
"Clint Shryock","heroku/heroku-buildpack-python",1,1384287052,1384287052
"Clint Shryock","heroku/heroku-buildpack-ruby",6,1360248747,1384285701
"Clint Shryock","heroku/heroku-pg-extras",9,1374693581,1390952793
"Clint Shryock","heroku/hk",1,1389847693,1389847693
"Clint Shryock","heroku/kensa",1,1365801909,1365801909
"Clint Shryock","heroku/legacy-cli",24,1355412031,1394830310
"Clint Shryock","jekyll/jekyll",1,1375909281,1375909281
"Clint Shryock","johnewart/gearman-ruby",10,1293748981,1302631270
"Clint Shryock","mattmanning/heroku-buildpack-ruby-jekyll",6,1360248747,1384285701
"Clint Shryock","mistydemeo/tigerbrew",9,1297909201,1380745751
"Clint Shryock","octokit/go-octokit",1,1386111403,1386111403
"Clint Shryock","octokit/octokit.rb",139,1304105351,1342017560
"Clint Shryock","powder-rb/powder",2,1311947148,1311999094
"Clint Shryock","puma/puma",8,1367945605,1381257434
"Clint Shryock","qnyp/heroku-buildpack-ruby-bower",6,1360248747,1384285701
"Clint Shryock","railsadminteam/rails_admin",1,1313670967,1313670967
"Clint Shryock","rtomayko/rocco",1,1308799405,1308799405
"Dana Hoffman","GoogleCloudPlatform/gcp-service-broker",1,1483026493,1483026493
"Dana Hoffman","GoogleCloudPlatform/magic-modules",349,1515629652,1603736659
"Dana Hoffman","GoogleCloudPlatform/terraform-google-conversion",5,1556931304,1560198935
"Dana Hoffman","ansible-collections/google.cloud",16,1534443520,1576791140
"Dana Hoffman","google/exposure-notifications-server",5,1589566879,1589587699
"Dana Hoffman","hashicorp/terraform",106,1477581958,1541186451
"Dana Hoffman","hashicorp/terraform-provider-google",535,1477581958,1603402816
"Dana Hoffman","hashicorp/terraform-provider-google-beta",565,1477581958,1603402841
"Dana Hoffman","hashicorp/terraform-provider-random",4,1519321965,1519340847
"Dana Hoffman","terraform-google-modules/terraform-google-lb-http",2,1508176900,1531428431
"Dana Hoffman","terraform-google-modules/terraform-google-sql-db",1,1533077280,1533077280
"Dave Cunningham","Masterminds/sprig",1,1459301252,1459301252
"Dave Cunningham","bazelbuild/rules_jsonnet",5,1486596460,1584535414
"Dave Cunningham","google/go-jsonnet",80,1456032909,1666900405
"Dave Cunningham","google/jsonnet",513,1407356643,1576008890
"Dave Cunningham","google/vim-jsonnet",3,1453428918,1462901190
"Dave Cunningham","grit-engine/grit-engine",1123,1229809748,1525725102
"Dave Cunningham","hashicorp/packer",2,1429297959,1444278991
"Dave Cunningham","hashicorp/terraform",52,1430533872,1463097080
"Dave Cunningham","helm/helm",17,1456190113,1459566196
"Dave Cunningham","mbrukman/cloud-launcher",3,1408665107,1408849187
"JT","hashicorp/consul",11,1396688581,1397505674
"JT","hashicorp/serf",2,1385021728,1385068786
"JT","hashicorp/terraform",81,1406064284,1406625396
"JT","hashicorp/vault",1,1426454218,1426454218
"Jack Pearkes","docker-library/official-images",1,1545242364,1545242364
"Jack Pearkes","grpc/grpc-web",1,1595389268,1595389268
"Jack Pearkes","hashicorp/atlas-go",3,1428589743,1443207553
"Jack Pearkes","hashicorp/atlas-packer-vagrant-tutorial",11,1429139348,1435171826
"Jack Pearkes","hashicorp/consul",366,1397312549,1579912046
"Jack Pearkes","hashicorp/consul-template",23,1521490450,1552013689
"Jack Pearkes","hashicorp/docker-consul",7,1524241061,1546915700
"Jack Pearkes","hashicorp/middleman-hashicorp",13,1414075014,1489016096
"Jack Pearkes","hashicorp/nomad",16,1442698698,1489024500
"Jack Pearkes","hashicorp/otto",15,1443390930,1444263112
"Jack Pearkes","hashicorp/packer",92,1371132190,1489024395
"Jack Pearkes","hashicorp/serf",14,1382548760,1414079182
"Jack Pearkes","hashicorp/terraform",298,1403806281,1441049693
"Jack Pearkes","hashicorp/vagrant",29,1392665871,1489024515
"Jack Pearkes","hashicorp/vault",41,1426268069,1517337047
"Jack Pearkes","ionic-team/ionicons",6,1435804341,1439847149
"Jack Pearkes","mitchellh/multistep",4,1370769668,1370770037
"Jack Pearkes","pearkes/gethub",83,1368013579,1526760245
"Jack Pearkes","petems/tugboat",114,1366265847,1409757016
"Jack Pearkes","stripe-ruby-mock/stripe-ruby-mock",1,1401116972,1401116972
"Jake Champlin","AltraMayor/XIA-for-Linux",6,1358392565,1367680877
"Jake Champlin","LITMUS-RT/litmus-rt",6,1358392565,1367680877
"Jake Champlin","Xilinx/linux-xlnx",6,1358392565,1367680877
"Jake Champlin","analogdevicesinc/linux",6,1358392565,1367680877
"Jake Champlin","aosp-mirror/kernel_common",6,1358392565,1367680877
"Jake Champlin","btobolaski/terraform-provider-linode",13,1492008533,1504192091
"Jake Champlin","ceph/ceph-client",6,1358392565,1367680877
"Jake Champlin","chef/chef",1,1436242261,1436242261
"Jake Champlin","chef/supermarket",2,1402605831,1402664447
"Jake Champlin","cschiewek/devise_ldap_authenticatable",3,1397657823,1398084951
"Jake Champlin","garethr/puppet-module-skeleton",1,1423689867,1423689867
"Jake Champlin","hardkernel/linux",5,1358392565,1358575412
"Jake Champlin","hashicorp/docker-hub-images",1,1486491472,1486491472
"Jake Champlin","hashicorp/hcl",2,1460665494,1460666376
"Jake Champlin","hashicorp/memberlist",1,1491830097,1491830097
"Jake Champlin","hashicorp/nomad",29,1453945049,1466695697
"Jake Champlin","hashicorp/packer",13,1445647188,1503253302
"Jake Champlin","hashicorp/puppet-bootstrap",10,1448988524,1468434208
"Jake Champlin","hashicorp/terraform",311,1483981286,1504703352
"Jake Champlin","hashicorp/terraform-provider-azurerm",15,1496754954,1500651440
"Jake Champlin","hashicorp/terraform-provider-google",11,1496755041,1498504307
"Jake Champlin","hashicorp/terraform-provider-null",9,1496755109,1504192026
"Jake Champlin","hashicorp/terraform-provider-random",12,1496755164,1504192069
"Jake Champlin","hashicorp/terraform-provider-template",13,1492008533,1504192091
"Jake Champlin","hashicorp/yamux",1,1461131181,1461131181
"Jake Champlin","influxdata/telegraf",3,1519163756,1525730424
"Jake Champlin","jonmason/ntb",6,1358392565,1367680877
"Jake Champlin","linux4sam/linux-at91",6,1358392565,1367680877
"Jake Champlin","masterzen/winrm",1,1502558130,1502558130
"Jake Champlin","mitchellh/cli",9,1472065021,1472569942
"Jake Champlin","moby/moby",1,1427341449,1427341449
"Jake Champlin","multipath-tcp/mptcp",6,1358392565,1367680877
"Jake Champlin","o11s/open80211s",6,1358392565,1367680877
"Jake Champlin","octocat/Spoon-Knife",6,1358392565,1367680877
"Jake Champlin","packer-community/winrmcp",2,1502477750,1503250491
"Jake Champlin","pshima/consul-snapshot",5,1454044189,1475269906
"Jake Champlin","rakyll/statik",1,1531176108,1531176108
"Jake Champlin","raspberrypi/linux",6,1358392565,1367680877
"Jake Champlin","riscvarchive/riscv-linux",6,1358392565,1367680877
"Jake Champlin","sfjro/aufs3-linux",6,1358392565,1367680877
"Jake Champlin","sous-chefs/ntp",1,1417565805,1417565805
"Jake Champlin","svenkatr/linux",6,1358392565,1367680877
"Jake Champlin","terraform-provider-openstack/terraform-provider-openstack",12,1496755121,1500651593
"Jake Champlin","torvalds/linux",6,1358392565,1367680877
"Jake Champlin","urfave/gfmrun",3,1471358882,1471871427
"Jake Champlin","virtualopensystems/linux-kvm-arm",6,1358392565,1367680877
"James Bardin","btobolaski/terraform-provider-linode",1,1470324011,1470324011
"James Bardin","golang/go",1,1458150833,1458150833
"James Bardin","hashicorp/atlas-go",6,1469111842,1469550791
"James Bardin","hashicorp/consul",2,1500075104,1507732930
"James Bardin","hashicorp/docker-hub-images",1,1474316662,1474316662
"James Bardin","hashicorp/go-cleanhttp",1,1512082363,1512082363
"James Bardin","hashicorp/go-getter",20,1473714539,1655146351
"James Bardin","hashicorp/go-multierror",1,1531839708,1531839708
"James Bardin","hashicorp/go-plugin",53,1502825297,1604695908
"James Bardin","hashicorp/go-retryablehttp",6,1470423968,1470849775
"James Bardin","hashicorp/go-version",2,1521040692,1521759753
"James Bardin","hashicorp/hcl",40,1473800395,1649434243
"James Bardin","hashicorp/hil",5,1476289185,1476302171
"James Bardin","hashicorp/terraform",3396,1463680011,1669128821
"James Bardin","hashicorp/terraform-config-inspect",4,1612816929,1637012699
"James Bardin","hashicorp/terraform-plugin-sdk",1095,1463680011,1604698004
"James Bardin","hashicorp/terraform-provider-azurerm",6,1469124436,1498061065
"James Bardin","mitchellh/copystructure",19,1470256629,1476388422
"James Bardin","mitchellh/reflectwalk",9,1474565874,1475516716
"James Bardin","terraform-aws-modules/terraform-aws-vpc",1,1510827181,1510827181
"James Nugent","Azure/azure-sdk-for-go",14,1422560634,1424291424
"James Nugent","EventStore/EventStore.JVM",1,1444157949,1444157949
"James Nugent","EventStore/Sklaida",8,1408568822,1408668180
"James Nugent","Homebrew/homebrew-cask",4,1438872709,1453937578
"James Nugent","Homebrew/legacy-homebrew",1,1438872709,1438872709
"James Nugent","Matt-Deacalion/vim-systemd-syntax",1,1484586014,1484586014
"James Nugent","OmniSharp/omnisharp-vim",1,1424711256,1424711256
"James Nugent","SpaceVim/SpaceVim",1,1491162514,1491162514
"James Nugent","TritonDataCenter/containerpilot",5,1492636366,1492716052
"James Nugent","boxen/puppet-template",1,1417392485,1417392485
"James Nugent","btobolaski/terraform-provider-linode",9,1444086513,1463011502
"James Nugent","fsouza/go-dockerclient",1,1451510743,1451510743
"James Nugent","golang/sys",1,1555269785,1555269785
"James Nugent","google/go-cloud",1,1589510853,1589510853
"James Nugent","hairyhenderson/gomplate",5,1495068492,1594572507
"James Nugent","hashicorp/consul",10,1483565959,1523411090
"James Nugent","hashicorp/docker-hub-images",1,1476799168,1476799168
"James Nugent","hashicorp/go-getter",11,1458493614,1458511193
"James Nugent","hashicorp/go-retryablehttp",3,1462566243,1462580880
"James Nugent","hashicorp/go-sockaddr",1,1478998307,1478998307
"James Nugent","hashicorp/hcl",34,1447951766,1472834916
"James Nugent","hashicorp/hil",33,1454630118,1476461968
"James Nugent","hashicorp/middleman-hashicorp",1,1459026316,1459026316
"James Nugent","hashicorp/nomad",21,1487706749,1504917762
"James Nugent","hashicorp/otto",1,1448835930,1448835930
"James Nugent","hashicorp/packer",46,1428271128,1531764235
"James Nugent","hashicorp/serf",13,1471066977,1527695998
"James Nugent","hashicorp/terraform",1116,1444086513,1517367550
"James Nugent","hashicorp/terraform-provider-google-beta",21,1452754277,1558540596
"James Nugent","hashicorp/vagrant",2,1495646986,1497646687
"James Nugent","hashicorp/vault",4,1471062015,1543881318
"James Nugent","howeyc/gopass",1,1472110267,1472110267
"James Nugent","hyperic/sigar",4,1461993169,1579534415
"James Nugent","karlseguin/liquid",1,1422221386,1422221386
"James Nugent","magefile/mage",2,1523466187,1523548474
"James Nugent","mailru/easyjson",2,1501271679,1501272836
"James Nugent","mitchellh/cli",1,1451507420,1451507420
"James Nugent","mitchellh/gox",1,1451516604,1451516604
"James Nugent","mitchellh/mapstructure",2,1441893945,1441894071
"James Nugent","moby/moby",2,1451517510,1489084607
"James Nugent","msgpack/msgpack-c",3,1437001619,1437704135
"James Nugent","packer-community/winrmcp",1,1427765443,1427765443
"James Nugent","tokio-rs/prost",2,1589216150,1606584385
"James Nugent","voxpupuli/puppet-rabbitmq",1,1417392485,1417392485
"Jason Costello","hashicorp/consul",18,1487702756,1488992039
"Jason Costello","hashicorp/middleman-hashicorp",26,1488835416,1495049321
"Jason Costello","hashicorp/nomad",13,1485373757,1488915774
"Jason Costello","hashicorp/packer",43,1488243279,1492109969
"Jason Costello","hashicorp/terraform",105,1475522426,1489020453
"Jason Costello","hashicorp/vagrant",16,1487876568,1488997318
"Jason Costello","hashicorp/vault",4,1488492633,1490031143
"Jason Costello","jasoncostello/slate",16,1462914677,1488265299
"Joe Topjian","Homebrew/legacy-homebrew",1,1285198448,1285198448
"Joe Topjian","StackStorm/st2",4,1433298528,1441210442
"Joe Topjian","StackStorm/st2contrib",1,1436552221,1436552221
"Joe Topjian","fog/fog",1,1356119693,1356119693
"Joe Topjian","go-swagger/go-swagger",1,1444770714,1444770714
"Joe Topjian","gophercloud/gophercloud",251,1423196596,1506188285
"Joe Topjian","hashicorp/terraform",489,1423545623,1560351954
"Joe Topjian","hercules-team/augeas",13,1436645968,1438281273
"Joe Topjian","jtopjian/gluephp",2,1332341306,1335563076
"Joe Topjian","kelseyhightower/terminus",30,1439488132,1440706057
"Joe Topjian","mitchellh/vagrant-rackspace",3,1378842965,1417731111
"Joe Topjian","openstack/horizon",1,1360791889,1360791889
"Joe Topjian","openstack/puppet-cinder",14,1347229499,1368564497
"Joe Topjian","openstack/puppet-nova",12,1337231192,1368123375
"Joe Topjian","progrium/gh-release",1,1466368159,1466368159
"Joe Topjian","puppetlabs/puppetlabs-apache",2,1343916321,1344298690
"Joe Topjian","puppetlabs/puppetlabs-inifile",3,1345797428,1346778965
"Joe Topjian","rexray/rexray",1,1493742675,1493742675
"Joe Topjian","stackforge/puppet-openstack",17,1342071198,1368560351
"Joe Topjian","terraform-provider-openstack/terraform-provider-openstack",664,1423545623,1529462108
"Joe Topjian","thecodeteam/libstorage",1,1493742675,1493742675
"Joe Topjian","voxpupuli/puppet-rabbitmq",6,1420321584,1421462357
"Justin Campbell","2factorauth/twofactorauth",1,1547050355,1547050355
"Justin Campbell","Foodcritic/foodcritic",1,1403210420,1403210420
"Justin Campbell","Homebrew/homebrew-cask",1,1404935599,1404935599
"Justin Campbell","Homebrew/legacy-homebrew",1,1370394398,1370394398
"Justin Campbell","Kitware/minerva",1,1443653263,1443653263
"Justin Campbell","Linuxbrew/legacy-linuxbrew",1,1370394398,1370394398
"Justin Campbell","alecthomas/gometalinter",2,1424171861,1424172444
"Justin Campbell","beloglazov/vim-online-thesaurus",4,1380567414,1380627567
"Justin Campbell","berkshelf/berkshelf-api",5,1393359175,1393601928
"Justin Campbell","chef/supermarket",1,1404851890,1404851890
"Justin Campbell","egonSchiele/contracts.ruby",3,1428638166,1428688074
"Justin Campbell","gdg-x/hub",2,1436331638,1436331638
"Justin Campbell","gofullstack/capistrano-notifier",65,1330551146,1392582726
"Justin Campbell","hashicorp/atlas-go",8,1449261176,1477923870
"Justin Campbell","hashicorp/atlas-packer-vagrant-tutorial",3,1429218099,1429218399
"Justin Campbell","hashicorp/go-version",2,1578665381,1578674887
"Justin Campbell","hashicorp/middleman-hashicorp",1,1508521019,1508521019
"Justin Campbell","hashicorp/otto",70,1442609898,1453733351
"Justin Campbell","hashicorp/packer",13,1372441515,1515521482
"Justin Campbell","hashicorp/terraform",87,1427842150,1605029606
"Justin Campbell","hashicorp/terraform-plugin-sdk",19,1427901188,1566223043
"Justin Campbell","hashicorp/terraform-provider-azuread",2,1574194377,1575413413
"Justin Campbell","hashicorp/vagrant",65,1390934413,1531774009
"Justin Campbell","hashicorp/vault",6,1430240387,1515521219
"Justin Campbell","hashicorp/vault-rails",25,1556203343,1565270878
"Justin Campbell","hashicorp/vault-ruby",1,1430361010,1430361010
"Justin Campbell","hirakiuc/tinybucket",1,1485297311,1485297311
"Justin Campbell","hirefire/hirefire-resource",1,1385590827,1385590827
"Justin Campbell","hubotio/hubot",1,1361478962,1361478962
"Justin Campbell","justincampbell/generative",39,1384300099,1555334603
"Justin Campbell","justincampbell/tmux-pomodoro",68,1405465492,1504618138
"Justin Campbell","justincampbell/tp",127,1344644017,1423611279
"Justin Campbell","justincampbell/vim-eighties",31,1364778817,1481824845
"Justin Campbell","justincampbell/whipped-cream",138,1379535719,1427400875
"Justin Campbell","middleman/middleman-blog",1,1402929910,1402929910
"Justin Campbell","mistydemeo/tigerbrew",1,1370394398,1370394398
"Justin Campbell","mlbright/darksky",3,1417816480,1474383252
"Justin Campbell","postmodern/ruby-install",1,1379948120,1379948120
"Justin Campbell","rails/rails",3,1324125592,1324126362
"Justin Campbell","rails/thor",6,1364474201,1421812752
"Justin Campbell","ruby-grape/grape-swagger",2,1483999139,1483999139
"Justin Campbell","sferik/t",1,1381957755,1381957755
"Justin Campbell","teamcapybara/capybara",1,1376422349,1376422349
"Justin Campbell","teampoltergeist/poltergeist",1,1379005994,1379005994
"Justin Campbell","thoughtbot/carnival",1,1407847782,1407847782
"Justin Campbell","tmux-plugins/tmux-battery",2,1498488867,1499093697
"Justin Campbell","weppos/whois",5,1340289991,1346079696
"Kristin Laemmert","grafana/grafana",28,1649681181,1668028338
"Kristin Laemmert","hashicorp/go-plugin",1,1617203206,1617203206
"Kristin Laemmert","hashicorp/hcl",10,1552681181,1623679201
"Kristin Laemmert","hashicorp/terraform",498,1527026689,1626961533
"Kristin Laemmert","hashicorp/terraform-config-inspect",11,1525815183,1576154852
"Kristin Laemmert","hashicorp/terraform-json",1,1570556755,1570556755
"Kristin Laemmert","hashicorp/terraform-plugin-sdk",96,1527026689,1569588364
"Kristin Laemmert","hashicorp/terraform-provider-random",29,1526925750,1560172896
"Lars Wander","GoogleCloudPlatform/marketplace-k8s-app-tools",1,1575930106,1575930106
"Lars Wander","GoogleCloudPlatform/python-docs-samples",4,1553200328,1574270331
"Lars Wander","ManageIQ/manageiq",4,1442860541,1449670344
"Lars Wander","evil-mad/plotink",1,1594393030,1594393030
"Lars Wander","fabric8io/kubernetes-client",2,1458833451,1462396877
"Lars Wander","google/citest",19,1446659547,1474999988
"Lars Wander","google/go-jsonnet",2,1529674881,1530545406
"Lars Wander","googleapis/google-cloud-python",5,1565804103,1570637561
"Lars Wander","hashicorp/packer",3,1478118288,1478191749
"Lars Wander","hashicorp/terraform",50,1449237660,1473094080
"Lars Wander","kubernetes-client/java",30,1497036447,1507137466
"Lars Wander","spinnaker/clouddriver",574,1454687882,1548881091
"Lars Wander","spinnaker/deck",197,1455028978,1542208631
"Lars Wander","spinnaker/echo",25,1457382665,1534432834
"Lars Wander","spinnaker/fiat",6,1473967351,1522861312
"Lars Wander","spinnaker/front50",4,1484083047,1522861250
"Lars Wander","spinnaker/gate",12,1461616844,1522861310
"Lars Wander","spinnaker/halyard",562,1473700553,1571344443
"Lars Wander","spinnaker/igor",19,1457116607,1535124131
"Lars Wander","spinnaker/kayenta",3,1485549867,1522861574
"Lars Wander","spinnaker/kork",9,1504796846,1523028075
"Lars Wander","spinnaker/orca",95,1452188565,1543422014
"Lars Wander","spinnaker/rosco",19,1484748108,1538498806
"Lars Wander","spinnaker/spin",16,1522174664,1529688287
"Lars Wander","spinnaker/spinnaker",200,1447337377,1546539052
"Lars Wander","spinnaker/spinnaker-monitoring",4,1489682835,1534168520
"Lars Wander","spinnaker/spinnaker.github.io",197,1492192342,1549995586
"Laura Pacilio","GoogleCloudPlatform/magic-modules",1,1662650876,1662650876
"Laura Pacilio","hashicorp/packer",10,1634239579,1665701015
"Laura Pacilio","hashicorp/terraform",546,1624894386,1668010138
"Laura Pacilio","hashicorp/terraform-plugin-sdk",1,1663351349,1663351349
"Laura Pacilio","hashicorp/terraform-provider-google",1,1662539589,1662539589
"Martin Atkins","apparentlymart/angularjs-viewhead",8,1386478407,1439830135
"Martin Atkins","apparentlymart/go-cidr",10,1440970044,1534345474
"Martin Atkins","apparentlymart/livejournal",146,1120688480,1430699752
"Martin Atkins","btobolaski/terraform-provider-linode",8,1463868595,1513037798
"Martin Atkins","docker-library/docs",1,1455239584,1455239584
"Martin Atkins","hashicorp/docker-hub-images",5,1492031979,1498754539
"Martin Atkins","hashicorp/go-checkpoint",1,1506964373,1506964373
"Martin Atkins","hashicorp/go-getter",3,1557529249,1640024895
"Martin Atkins","hashicorp/hcl",544,1494690605,1655923755
"Martin Atkins","hashicorp/hil",22,1478453878,1494624785
"Martin Atkins","hashicorp/otto",1,1452227947,1452227947
"Martin Atkins","hashicorp/packer",1,1424997331,1424997331
"Martin Atkins","hashicorp/terraform",2474,1430410909,1668619203
"Martin Atkins","hashicorp/terraform-config-inspect",26,1519263437,1666140725
"Martin Atkins","hashicorp/terraform-plugin-sdk",902,1430410909,1645123529
"Martin Atkins","hashicorp/terraform-provider-azurerm",3,1500684007,1509416324
"Martin Atkins","hashicorp/terraform-provider-google",5,1444523368,1510606098
"Martin Atkins","hashicorp/terraform-provider-null",7,1462703993,1555024049
"Martin Atkins","hashicorp/terraform-provider-random",12,1463259253,1555027852
"Martin Atkins","hashicorp/terraform-provider-template",22,1463868595,1555021588
"Martin Atkins","othiym23/async-listener",1,1398463943,1398463943
"Martin Atkins","samuel/python-gearman",2,1320779510,1320779686
"Martin Atkins","saymedia/angularjs-dynamic-form",9,1381174079,1395169550
"Martin Atkins","saymedia/angularjs-server",93,1383178698,1428961694
"Martin Atkins","saymedia/remoteobjects",3,1320169077,1320170220
"Martin Atkins","sigrokproject/libsigrok",2,1603625955,1603656997
"Martin Atkins","terraform-aws-modules/terraform-aws-ec2-instance",1,1510768356,1510768356
"Martin Atkins","terraform-provider-openstack/terraform-provider-openstack",2,1500936926,1512419366
"Mitchell Hashimoto","armon/bloomd",3,1332201434,1332201649
"Mitchell Hashimoto","armon/circbuf",1,1440636586,1440636586
"Mitchell Hashimoto","armon/go-radix",1,1535079448,1535079448
"Mitchell Hashimoto","boto/boto",13,1315416309,1315507863
"Mitchell Hashimoto","btobolaski/terraform-provider-linode",5,1431048005,1479839038
"Mitchell Hashimoto","chef/chef",1,1329356501,1329356501
"Mitchell Hashimoto","enkessler/childprocess",1,1325837147,1325837147
"Mitchell Hashimoto","fog/fog",3,1282326612,1296025702
"Mitchell Hashimoto","gopheracademy/gopheracademy-web",1,1416976329,1416976329
"Mitchell Hashimoto","hashicorp/atlas-go",55,1414537886,1472059894
"Mitchell Hashimoto","hashicorp/consul",435,1393109839,1539102637
"Mitchell Hashimoto","hashicorp/docker-hub-images",10,1478278038,1489791352
"Mitchell Hashimoto","hashicorp/envconsul",20,1400004389,1400105105
"Mitchell Hashimoto","hashicorp/errwrap",10,1413853277,1535071150
"Mitchell Hashimoto","hashicorp/go-checkpoint",10,1409201691,1442298869
"Mitchell Hashimoto","hashicorp/go-cleanhttp",1,1535600226,1535600226
"Mitchell Hashimoto","hashicorp/go-getter",84,1444691761,1542432381
"Mitchell Hashimoto","hashicorp/go-immutable-radix",1,1535599965,1535599965
"Mitchell Hashimoto","hashicorp/go-memdb",4,1519428573,1612300214
"Mitchell Hashimoto","hashicorp/go-multierror",23,1418673320,1585678232
"Mitchell Hashimoto","hashicorp/go-plugin",80,1453151113,1622737453
"Mitchell Hashimoto","hashicorp/go-uuid",1,1535599620,1535599620
"Mitchell Hashimoto","hashicorp/go-version",33,1395810958,1535071435
"Mitchell Hashimoto","hashicorp/golang-lru",2,1535599732,1535599795
"Mitchell Hashimoto","hashicorp/hcl",201,1406836063,1603410817
"Mitchell Hashimoto","hashicorp/heroku-buildpack-middleman",30,1359785591,1392234263
"Mitchell Hashimoto","hashicorp/heroku-buildpack-rubygem-server",10,1359948612,1359951234
"Mitchell Hashimoto","hashicorp/hil",33,1449199555,1482347968
"Mitchell Hashimoto","hashicorp/logutils",12,1381303875,1386181679
"Mitchell Hashimoto","hashicorp/memberlist",87,1379042552,1540784281
"Mitchell Hashimoto","hashicorp/middleman-hashicorp",3,1427999346,1428627444
"Mitchell Hashimoto","hashicorp/net-rpc-msgpackrpc",4,1377037873,1377038046
"Mitchell Hashimoto","hashicorp/nomad",20,1442277822,1447696806
"Mitchell Hashimoto","hashicorp/otto",703,1433164499,1452125546
"Mitchell Hashimoto","hashicorp/packer",3017,1364017313,1440649487
"Mitchell Hashimoto","hashicorp/puppet-bootstrap",54,1354574688,1408032654
"Mitchell Hashimoto","hashicorp/raft",2,1420497967,1421051818
"Mitchell Hashimoto","hashicorp/serf",353,1380817214,1440793793
"Mitchell Hashimoto","hashicorp/terraform",3308,1400714933,1504115253
"Mitchell Hashimoto","hashicorp/vagrant",5710,1264062906,1490722700
"Mitchell Hashimoto","hashicorp/vagrant-installers",472,1326572520,1450738793
"Mitchell Hashimoto","hashicorp/vault",487,1425452604,1539988733
"Mitchell Hashimoto","hashicorp/yamux",2,1535315816,1615845550
"Mitchell Hashimoto","jedi4ever/veewee",2,1311285919,1311404451
"Mitchell Hashimoto","mitchellh/cli",80,1383453518,1650559397
"Mitchell Hashimoto","mitchellh/colorstring",16,1405182421,1442526487
"Mitchell Hashimoto","mitchellh/copystructure",42,1402515753,1612299576
"Mitchell Hashimoto","mitchellh/go-bnet",12,1460915242,1460926534
"Mitchell Hashimoto","mitchellh/go-fs",57,1372526274,1376633427
"Mitchell Hashimoto","mitchellh/go-homedir",12,1408473391,1548562895
"Mitchell Hashimoto","mitchellh/go-linereader",2,1413226533,1550093592
"Mitchell Hashimoto","mitchellh/go-ps",23,1396801798,1580760135
"Mitchell Hashimoto","mitchellh/go-sat",52,1487548624,1488138940
"Mitchell Hashimoto","mitchellh/go-testing-interface",11,1501020193,1629561583
"Mitchell Hashimoto","mitchellh/go-vnc",27,1370405140,1370477567
"Mitchell Hashimoto","mitchellh/go-wordwrap",7,1413691549,1601057235
"Mitchell Hashimoto","mitchellh/gox",80,1384647383,1535083177
"Mitchell Hashimoto","mitchellh/hashstructure",39,1452187220,1606011423
"Mitchell Hashimoto","mitchellh/iochan",6,1370228521,1535083138
"Mitchell Hashimoto","mitchellh/ioprogress",12,1417902435,1418006797
"Mitchell Hashimoto","mitchellh/mapstructure",174,1368924553,1650739808
"Mitchell Hashimoto","mitchellh/middleware",24,1331866917,1404403126
"Mitchell Hashimoto","mitchellh/multistep",26,1370361405,1396832475
"Mitchell Hashimoto","mitchellh/packer-ubuntu-12.04-docker",25,1376353607,1394292648
"Mitchell Hashimoto","mitchellh/panicwrap",41,1375726650,1572881933
"Mitchell Hashimoto","mitchellh/prefixedio",17,1402376606,1412016812
"Mitchell Hashimoto","mitchellh/reflectwalk",38,1375942255,1556813608
"Mitchell Hashimoto","mitchellh/vagrant-aws",81,1360125014,1377989062
"Mitchell Hashimoto","mitchellh/vagrant-google",2,1385781210,1386099096
"Mitchell Hashimoto","mitchellh/vagrant-rackspace",13,1362513962,1365547220
"Mitchell Hashimoto","mitchellh/veewee-to-packer",60,1371881871,1398253945
"Mitchell Hashimoto","mitchellh/virtualbox",577,1264205350,1324591281
"Mitchell Hashimoto","puppetlabs/hiera",2,1344978158,1344978158
"Mitchell Hashimoto","rails/thor",2,1282666825,1283755687
"Mitchell Hashimoto","rubinius/rubinius",3,1317524277,1317572677
"Mitchell Hashimoto","rubygems/bundler",1,1282358512,1282358512
"Mitchell Hashimoto","rubygems/rubygems-aws",6,1359601592,1359606274
"Mitchell Hashimoto","sparklemotion/mechanize",1,1283791334,1283791334
"Mitchell Hashimoto","sprinkle-tool/sprinkle",26,1216164668,1216595694
"Mitchell Hashimoto","szferi/gomdb",1,1395169348,1395169348
"Mitchell Hashimoto","vstakhov/libucl",1,1406083952,1406083952
"Nick Fagerlund","choria-legacy/marionette-collective",23,1362777322,1495667126
"Nick Fagerlund","hashicorp/consul",1,1566918318,1566918318
"Nick Fagerlund","hashicorp/middleman-hashicorp",8,1553808893,1566426052
"Nick Fagerlund","hashicorp/nomad",2,1555025809,1566829748
"Nick Fagerlund","hashicorp/packer",4,1512768332,1566430363
"Nick Fagerlund","hashicorp/terraform",153,1501729421,1665097008
"Nick Fagerlund","hashicorp/terraform-provider-google-beta",1,1583871001,1583871001
"Nick Fagerlund","hashicorp/vagrant",1,1566428935,1566428935
"Nick Fagerlund","jekyll/jekyll",2,1375926941,1376427056
"Nick Fagerlund","ohmyzsh/ohmyzsh",1,1571417005,1571417005
"Nick Fagerlund","puppetlabs-toy-chest/puppetlabs-cloud_provisioner",3,1322002585,1330121474
"Nick Fagerlund","puppetlabs/education-builds",8,1324492749,1334791158
"Nick Fagerlund","puppetlabs/hiera",3,1347583845,1347652099
"Nick Fagerlund","puppetlabs/puppetdb",44,1359586717,1492453061
"Nick Fagerlund","puppetlabs/puppetlabs-stdlib",5,1313618943,1313624602
"Nick Fagerlund","puppetlabs/puppetserver",35,1418080234,1435184791
"Paddy","GoogleCloudPlatform/magic-modules",15,1565638357,1583871063
"Paddy","disintegration/imaging",1,1415292176,1415292176
"Paddy","duo-labs/isthislegit",1,1549810560,1549810560
"Paddy","hashicorp/docker-hub-images",3,1479428264,1501717823
"Paddy","hashicorp/nomad",1,1497654252,1497654252
"Paddy","hashicorp/terraform",68,1478113137,1632228304
"Paddy","hashicorp/terraform-exec",8,1600197140,1608156649
"Paddy","hashicorp/terraform-json",2,1608147560,1608154882
"Paddy","hashicorp/terraform-plugin-sdk",67,1485762960,1640286040
"Paddy","hashicorp/terraform-provider-google",215,1485218706,1560970236
"Paddy","hashicorp/terraform-provider-google-beta",224,1485218706,1559677737
"Paddy","hashicorp/terraform-provider-random",3,1521662313,1521662385
"Paddy","hashicorp/vault",1,1519866561,1519866561
"Pam Selle","Comcast/Surf-N-Perf",1,1401021711,1401021711
"Pam Selle","buildbot/buildbot",2,1331590832,1331592559
"Pam Selle","calagator/calagator",4,1321121759,1321138120
"Pam Selle","hashicorp/hcl",10,1586457010,1609881222
"Pam Selle","hashicorp/terraform",317,1556635534,1616081095
"Pam Selle","hashicorp/terraform-plugin-sdk",38,1559668895,1570478690
"Pam Selle","iopipe/dockaless",3,1503337114,1503426013
"Pam Selle","iopipe/serverless-plugin-iopipe",2,1517588999,1536953006
"Pam Selle","openhatch/oh-mainline",7,1331752950,1347495234
"Pam Selle","pselle/macvimspeak",78,1425338362,1431865335
"Pam Selle","terraform-aws-modules/terraform-aws-s3-bucket",1,1593615030,1593615030
"Paul Hinze","Homebrew/homebrew-cask",73,1404060374,1522448341
"Paul Hinze","Homebrew/homebrew-cask-versions",1,1427294998,1427294998
"Paul Hinze","Homebrew/legacy-homebrew",70,1404060374,1436559274
"Paul Hinze","Linuxbrew/legacy-linuxbrew",3,1428678111,1430060851
"Paul Hinze","SAML-Toolkits/ruby-saml",1,1410992409,1410992409
"Paul Hinze","aws/aws-sdk-go",1,1433776373,1433776373
"Paul Hinze","btobolaski/terraform-provider-linode",12,1431125197,1472847603
"Paul Hinze","edgurgel/tentacat",1,1461375760,1461375760
"Paul Hinze","hashicorp/atlas-go",4,1427307734,1462293272
"Paul Hinze","hashicorp/consul",7,1431108591,1460043548
"Paul Hinze","hashicorp/docker-hub-images",2,1470759463,1470761755
"Paul Hinze","hashicorp/go-getter",1,1446161797,1446161797
"Paul Hinze","hashicorp/go-multierror",1,1433730433,1433730433
"Paul Hinze","hashicorp/go-retryablehttp",2,1492816919,1492817362
"Paul Hinze","hashicorp/go-rootcerts",10,1462281101,1462286080
"Paul Hinze","hashicorp/hcl",19,1447955375,1467987218
"Paul Hinze","hashicorp/hil",1,1457727605,1457727605
"Paul Hinze","hashicorp/middleman-hashicorp",1,1443454121,1443454121
"Paul Hinze","hashicorp/nomad",5,1456255113,1460139853
"Paul Hinze","hashicorp/otto",114,1441754818,1443805622
"Paul Hinze","hashicorp/packer",2,1460043548,1462318919
"Paul Hinze","hashicorp/raft",1,1422216239,1422216239
"Paul Hinze","hashicorp/serf",1,1460051801,1460051801
"Paul Hinze","hashicorp/terraform",1245,1420924764,1564079621
"Paul Hinze","hashicorp/vagrant",11,1417284694,1641497956
"Paul Hinze","hashicorp/vault",8,1429739956,1460052198
"Paul Hinze","hashicorp/vault-rails",2,1439996995,1488557417
"Paul Hinze","hashicorp/vault-ruby",2,1488512864,1488556273
"Paul Hinze","hashicorp/vault-ssh-helper",1,1456431838,1456431838
"Paul Hinze","mistydemeo/tigerbrew",3,1428678111,1430060851
"Paul Hinze","mitchellh/cli",2,1425585572,1430313822
"Paul Hinze","neovim/homebrew-neovim",1,1429028955,1429028955
"Paul Hinze","phinze/vagrant-host-shell",1,1448413535,1448413535
"Paul Hinze","slack-go/slack",1,1516895673,1516895673
"Paul Stack","Azure/azure-rest-api-specs",2,1453488490,1453745007
"Paul Stack","GiveCampUK/GiveCRM",14,1320097096,1320835701
"Paul Stack","Homebrew/homebrew-core",11,1585763883,1607377182
"Paul Stack","btobolaski/terraform-provider-linode",2,1497973440,1498058478
"Paul Stack","fabiolb/fabio",3,1542726371,1542728822
"Paul Stack","github/gitignore",1,1334827050,1334827050
"Paul Stack","google/go-cloud",1,1619131193,1619131193
"Paul Stack","hashicorp/docker-hub-images",9,1472140060,1496847427
"Paul Stack","hashicorp/nomad",1,1493927968,1493927968
"Paul Stack","hashicorp/packer",7,1509384402,1528416262
"Paul Stack","hashicorp/terraform",1567,1439039589,1515010366
"Paul Stack","hashicorp/terraform-provider-azurerm",111,1452130044,1504181896
"Paul Stack","hashicorp/terraform-provider-google",16,1455388550,1498639443
"Paul Stack","hashicorp/terraform-provider-null",2,1498744044,1498810653
"Paul Stack","hashicorp/terraform-provider-random",2,1498744176,1498810725
"Paul Stack","hashicorp/terraform-provider-template",2,1498744243,1498810759
"Paul Stack","hashicorp/vault",1,1518477761,1518477761
"Paul Stack","sensu-plugins/sensu-plugins-aws",2,1441283714,1441288072
"Paul Stack","sous-chefs/git",1,1334827050,1334827050
"Paul Stack","terraform-provider-openstack/terraform-provider-openstack",3,1498744075,1499793280
"Paul Stack","theforeman/puppet-foreman",2,1414682287,1414689834
"Paul Stack","voxpupuli/puppet-iis",24,1370351286,1422300074
"Paul Stack","voxpupuli/puppet-rundeck",5,1403867527,1412696390
"Paul Stack","voxpupuli/puppetboard",5,1400276236,1402435881
"Paul Tyng","JabbR/JabbR",6,1329083322,1329087588
"Paul Tyng","emilioforrer/haml_coffee_assets",2,1434380017,1434400595
"Paul Tyng","excid3/simple_calendar",1,1437571041,1437571041
"Paul Tyng","golang/oauth2",1,1507742553,1507742553
"Paul Tyng","googleapis/google-cloud-go",1,1509033447,1509033447
"Paul Tyng","goreleaser/goreleaser",1,1594066162,1594066162
"Paul Tyng","hashicorp/aws-sdk-go-base",1,1591145373,1591145373
"Paul Tyng","hashicorp/docker-hub-images",2,1549662383,1549664966
"Paul Tyng","hashicorp/go-plugin",2,1584540765,1586281231
"Paul Tyng","hashicorp/hcl",3,1540992071,1541545564
"Paul Tyng","hashicorp/terraform",53,1454023250,1618084529
"Paul Tyng","hashicorp/terraform-exec",44,1594137718,1602001786
"Paul Tyng","hashicorp/terraform-json",2,1586719362,1586719372
"Paul Tyng","hashicorp/terraform-plugin-sdk",56,1480090812,1617216775
"Paul Tyng","hashicorp/terraform-provider-null",6,1589404900,1612813594
"Paul Tyng","hashicorp/terraform-provider-random",8,1584561628,1612883837
"Paul Tyng","hashicorp/terraform-provider-template",1,1602173621,1602173621
"Paul Tyng","hashicorp/vscode-terraform",21,1591620905,1628079393
"Paul Tyng","icalendar/icalendar-recurrence",1,1439051837,1439051837
"Paul Tyng","jackc/tod",3,1437575489,1437670691
"Paul Tyng","jackmoore/zoom",1,1353192321,1353192321
"Paul Tyng","kubernetes/kubernetes",1,1497875022,1497875022
"Paul Tyng","mitchellh/go-testing-interface",1,1587672226,1587672226
"Paul Tyng","paultyng/FluentJson.NET",19,1319485668,1325456668
"Paul Tyng","spinnaker/echo",1,1500058519,1500058519
"Paul Tyng","spree-contrib/spree_store_credits",1,1392650978,1392650978
"Paul Tyng","spree/spree",4,1389137453,1433990887
"Paul Tyng","testdouble/testdouble.js",1,1473544040,1473544040
"Paul Tyng","twbs/bootstrap",2,1365882377,1365883994
"Radek Simko","2factorauth/twofactorauth",5,1528707563,1556568144
"Radek Simko","GoogleCloudPlatform/magic-modules",1,1567115196,1567115196
"Radek Simko","Homebrew/homebrew-cask",131,1401615919,1557535377
"Radek Simko","Homebrew/homebrew-cask-versions",19,1401739863,1428090265
"Radek Simko","Homebrew/homebrew-core",10,1421092709,1660930121
"Radek Simko","Homebrew/legacy-homebrew",125,1401615919,1443466669
"Radek Simko","Linuxbrew/legacy-linuxbrew",4,1424090850,1457979454
"Radek Simko","RobotsAndPencils/go-saml",1,1470153120,1470153120
"Radek Simko","agext/levenshtein",1,1550130728,1550130728
"Radek Simko","ajacksified/hubot-plusplus",1,1452084610,1452084610
"Radek Simko","alexlouden/Terraform.tmLanguage",6,1438756235,1637159644
"Radek Simko","ansible/ansible",4,1398085809,1398090918
"Radek Simko","armon/circbuf",1,1550093087,1550093087
"Radek Simko","aws/amazon-ecs-agent",1,1477160015,1477160015
"Radek Simko","aws/aws-sdk-go",3,1452989277,1457890264
"Radek Simko","blang/semver",1,1549965370,1549965370
"Radek Simko","boxcutter/macos",2,1413586727,1425107147
"Radek Simko","boxen/our-boxen",5,1417467274,1425238730
"Radek Simko","boxen/puppet-boxen",2,1424028609,1424028634
"Radek Simko","boxen/puppet-template",1,1419580215,1419580215
"Radek Simko","briandowns/spinner",1,1436523869,1436523869
"Radek Simko","btobolaski/terraform-provider-linode",7,1502095777,1525101259
"Radek Simko","chef/chef",4,1550575028,1557673698
"Radek Simko","coreos/discovery.etcd.io",1,1421960932,1421960932
"Radek Simko","docker-archive/classicswarm",1,1421998567,1421998567
"Radek Simko","docker-library/python",1,1432428759,1432428759
"Radek Simko","emilybache/GildedRose-Refactoring-Kata",2,1435386854,1435388930
"Radek Simko","fakefs/fakefs",1,1418581288,1418581288
"Radek Simko","fsouza/go-dockerclient",1,1469298525,1469298525
"Radek Simko","gdg-x/hub",2,1393619121,1393619881
"Radek Simko","github-linguist/linguist",1,1438252266,1438252266
"Radek Simko","go-ini/ini",1,1470419133,1470419133
"Radek Simko","go-test/deep",2,1550846457,1550846457
"Radek Simko","golang/crypto",1,1615668089,1615668089
"Radek Simko","golang/net",1,1601974560,1601974560
"Radek Simko","google/go-github",1,1534162817,1534162817
"Radek Simko","goreleaser/goreleaser",14,1586699052,1619034314
"Radek Simko","hashicorp/consul",1,1507386183,1507386183
"Radek Simko","hashicorp/docker-hub-images",2,1485455663,1503500796
"Radek Simko","hashicorp/go-azure-helpers",6,1548777666,1566209235
"Radek Simko","hashicorp/go-getter",11,1561881255,1617183205
"Radek Simko","hashicorp/go-memdb",3,1643645248,1647275714
"Radek Simko","hashicorp/go-plugin",6,1489354586,1548776495
"Radek Simko","hashicorp/go-version",15,1555969544,1652893027
"Radek Simko","hashicorp/hcl",26,1530537358,1632327005
"Radek Simko","hashicorp/hil",4,1548777299,1549977751
"Radek Simko","hashicorp/nomad",4,1654523789,1654524852
"Radek Simko","hashicorp/packer",4,1557175642,1557214677
"Radek Simko","hashicorp/terraform",1154,1425422185,1664455024
"Radek Simko","hashicorp/terraform-config-inspect",19,1548779079,1616050890
"Radek Simko","hashicorp/terraform-exec",59,1601024744,1656667282
"Radek Simko","hashicorp/terraform-json",17,1578741671,1653462541
"Radek Simko","hashicorp/terraform-plugin-sdk",337,1426664979,1624610674
"Radek Simko","hashicorp/terraform-provider-azuread",4,1559836408,1569927014
"Radek Simko","hashicorp/terraform-provider-azurerm",6,1473660244,1509573868
"Radek Simko","hashicorp/terraform-provider-google",43,1434841065,1525102047
"Radek Simko","hashicorp/terraform-provider-null",10,1442698634,1575485472
"Radek Simko","hashicorp/terraform-provider-random",15,1502368254,1575482345
"Radek Simko","hashicorp/terraform-provider-template",9,1502095777,1549642487
"Radek Simko","hashicorp/vscode-terraform",122,1591731642,1669310765
"Radek Simko","jakubboucek/fucking-eu-cookies",1,1447712226,1447712226
"Radek Simko","jazzband/django-nose",2,1391673036,1391673036
"Radek Simko","jesseweed/seti-ui",3,1657226037,1657266530
"Radek Simko","kardianos/osext",1,1550856806,1550856806
"Radek Simko","kisielk/godepgraph",1,1560170389,1560170389
"Radek Simko","kubernetes/kubernetes",1,1424716769,1424716769
"Radek Simko","masterzen/winrm",1,1550907658,1550907658
"Radek Simko","mattn/go-colorable",1,1550851821,1550851821
"Radek Simko","mattn/go-isatty",1,1550845818,1550845818
"Radek Simko","mattn/go-shellwords",1,1550852278,1550852278
"Radek Simko","michaelklishin/rabbit-hole",2,1550768308,1550787240
"Radek Simko","mistydemeo/tigerbrew",3,1424090850,1435071365
"Radek Simko","mitchellh/cli",2,1502711852,1609839923
"Radek Simko","mitchellh/colorstring",1,1550093337,1550093337
"Radek Simko","mitchellh/copystructure",1,1617883970,1617883970
"Radek Simko","mitchellh/go-linereader",1,1550093440,1550093440
"Radek Simko","mitchellh/mapstructure",1,1648228181,1648228181
"Radek Simko","mitchellh/panicwrap",1,1550093690,1550093690
"Radek Simko","mitchellh/prefixedio",1,1550093844,1550093844
"Radek Simko","mitchellh/vagrant-aws",2,1421064277,1421065787
"Radek Simko","mockery/mockery",1,1348384926,1348384926
"Radek Simko","poise/python",1,1432428759,1432428759
"Radek Simko","prabirshrestha/vim-lsp",1,1661020366,1661020366
"Radek Simko","qnub/django-boto",1,1400242193,1400242193
"Radek Simko","radeksimko/vagrant-osx",47,1422210712,1618162151
"Radek Simko","russellhaering/gosaml2",1,1469611802,1469611802
"Radek Simko","s3tools/s3cmd",1,1525411334,1525411334
"Radek Simko","sk-/git-lint",1,1432441944,1432441944
"Radek Simko","squizlabs/PHP_CodeSniffer",1,1345975356,1345975356
"Radek Simko","terraform-provider-openstack/terraform-provider-openstack",10,1447489162,1525100039
"Radek Simko","timsutton/osx-vm-templates",8,1398514369,1423607931
"Radek Simko","travis-ci/apt-package-safelist",3,1428482371,1428482895
"Radek Simko","vmihailenco/msgpack",1,1549966410,1549966410
"Radek Simko","voxpupuli/puppet-rabbitmq",1,1419580215,1419580215
"Radek Simko","xanzy/ssh-agent",1,1550785767,1550785767
"Sander van Harmelen","Azure/azure-sdk-for-go",18,1429778614,1432851893
"Sander van Harmelen","CloudStack-extras/knife-cloudstack",4,1378219022,1395851584
"Sander van Harmelen","alacritty/alacritty",1,1548700131,1548700131
"Sander van Harmelen","alecthomas/gometalinter",1,1448623521,1448623521
"Sander van Harmelen","atom/atom",9,1431688120,1449751930
"Sander van Harmelen","berkshelf/berkshelf-api",7,1393604767,1400143262
"Sander van Harmelen","chef-boneyard/database",3,1426950210,1453924562
"Sander van Harmelen","chef/chef",5,1396367807,1408020873
"Sander van Harmelen","chef/ohai",2,1370288555,1372105544
"Sander van Harmelen","fatih/vim-go",4,1448638628,1475582526
"Sander van Harmelen","go-chef/chef",3,1454341282,1505126859
"Sander van Harmelen","go-micro/go-micro",1,1496237343,1496237343
"Sander van Harmelen","google/go-github",1,1394556429,1394556429
"Sander van Harmelen","hashicorp/go-checkpoint",4,1544721611,1548357219
"Sander van Harmelen","hashicorp/go-retryablehttp",4,1542042044,1542142847
"Sander van Harmelen","hashicorp/hcl",2,1447951043,1448038597
"Sander van Harmelen","hashicorp/packer",12,1452511361,1531741986
"Sander van Harmelen","hashicorp/terraform",617,1413453276,1557235406
"Sander van Harmelen","hashicorp/terraform-provider-azurerm",3,1505159471,1505160793
"Sander van Harmelen","hashicorp/vault",3,1446640480,1541778417
"Sander van Harmelen","hybridgroup/gobot",1,1408701506,1408701506
"Sander van Harmelen","joefitzgerald/go-plus",1,1428487523,1428487523
"Sander van Harmelen","kubernetes/kubernetes",5,1469361906,1504778921
"Sander van Harmelen","marpaia/chef-golang",6,1425393055,1501679400
"Sander van Harmelen","nvwls/zap",10,1400150211,1401892681
"Sander van Harmelen","ryanoasis/vim-devicons",1,1474365984,1474365984
"Sander van Harmelen","sous-chefs/firewall",2,1439475546,1449171630
"Sander van Harmelen","sous-chefs/graphite",10,1387364546,1389361930
"Sander van Harmelen","sous-chefs/java",1,1370288978,1370288978
"Sander van Harmelen","sous-chefs/mysql",1,1393362912,1393362912
"Sander van Harmelen","sous-chefs/nagios",2,1413994519,1413996466
"Sander van Harmelen","sous-chefs/postfix",3,1402509513,1404246655
"Sander van Harmelen","sous-chefs/sql_server",3,1413462832,1450280622
"Sander van Harmelen","vimeo/graphite-influxdb",2,1407170475,1407315663
"Sander van Harmelen","xanzy/chef-guard",117,1406542309,1552296993
"Sander van Harmelen","xanzy/go-cloudstack",109,1410156824,1557481465
"Sander van Harmelen","xanzy/go-gitlab",840,1558101026,1669110370
"Sander van Harmelen","xanzy/ssh-agent",6,1600154063,1663669508
"Scott Nowicki","hashicorp/terraform",73,1492555911,1493413676
"Sean Chittenden","HdrHistogram/hdrhistogram-go",1,1458930835,1458930835
"Sean Chittenden","TritonDataCenter/rfd",15,1501102549,1502218164
"Sean Chittenden","ansible/ansible",2,1392066533,1392066533
"Sean Chittenden","arkhipov/temporal_tables",1,1495585220,1495585220
"Sean Chittenden","bluele/gcache",1,1506664110,1506664110
"Sean Chittenden","cheggaaa/pb",4,1511990885,1516671564
"Sean Chittenden","cloudflare/cloudflare-go",1,1580228985,1580228985
"Sean Chittenden","hashicorp/consul",271,1454096554,1495582820
"Sean Chittenden","hashicorp/consul-template",2,1460835890,1460837043
"Sean Chittenden","hashicorp/go-checkpoint",2,1471375895,1471377056
"Sean Chittenden","hashicorp/go-sockaddr",224,1456879966,1495150753
"Sean Chittenden","hashicorp/go-syslog",3,1471132645,1481654571
"Sean Chittenden","hashicorp/go-version",2,1469481658,1486022879
"Sean Chittenden","hashicorp/golang-lru",1,1471126383,1471126383
"Sean Chittenden","hashicorp/hcl",1,1492729789,1492729789
"Sean Chittenden","hashicorp/mdns",1,1487698180,1487698180
"Sean Chittenden","hashicorp/memberlist",8,1456432508,1486584549
"Sean Chittenden","hashicorp/nomad",355,1455325171,1489619302
"Sean Chittenden","hashicorp/packer",11,1463471400,1502734162
"Sean Chittenden","hashicorp/raft",19,1462475588,1467309156
"Sean Chittenden","hashicorp/raft-boltdb",1,1473784560,1473784560
"Sean Chittenden","hashicorp/serf",39,1456186106,1470723023
"Sean Chittenden","hashicorp/terraform",129,1473117559,1536514776
"Sean Chittenden","hashicorp/vagrant",1,1465760236,1465760236
"Sean Chittenden","hashicorp/vault",65,1458237445,1488151126
"Sean Chittenden","jackc/pgx",7,1517526479,1517616598
"Sean Chittenden","jessevdk/go-flags",1,1582604776,1582604776
"Sean Chittenden","mitchellh/cli",1,1486538508,1486538508
"Sean Chittenden","ovh/cds",1,1512289526,1512289526
"Sean Chittenden","pallets/werkzeug",3,1307057017,1307057074
"Sean Chittenden","prometheus/promu",4,1503590248,1505413392
"Sean Chittenden","ryanuber/columnize",1,1486538627,1486538627
"Sean Chittenden","thadeusb/flask-cache",3,1307067026,1307067100
"Sean Chittenden","thought-machine/please",11,1541068400,1600633514
"Seth Vargo","AndreasVerhoeven/NoMailAppAnimationsOnMavericks",2,1413582586,1415374077
"Seth Vargo","Foodcritic/foodcritic",2,1356659533,1356659550
"Seth Vargo","GoogleCloudPlatform/berglas",240,1554954515,1660694914
"Seth Vargo","GoogleCloudPlatform/cloud-builders",1,1571860798,1571860798
"Seth Vargo","GoogleCloudPlatform/cloud-run-proxy",8,1610074239,1665522287
"Seth Vargo","GoogleCloudPlatform/dotnet-docs-samples",23,1578961690,1629211543
"Seth Vargo","GoogleCloudPlatform/gcr-cleaner",82,1555902325,1667875269
"Seth Vargo","GoogleCloudPlatform/golang-samples",7,1576865996,1628869687
"Seth Vargo","GoogleCloudPlatform/gsutil",2,1621889948,1621966164
"Seth Vargo","GoogleCloudPlatform/java-docs-samples",6,1579109386,1618591830
"Seth Vargo","GoogleCloudPlatform/k8s-cloudkms-plugin",10,1551722568,1648607528
"Seth Vargo","GoogleCloudPlatform/magic-modules",4,1540486599,1598371171
"Seth Vargo","GoogleCloudPlatform/nodejs-docs-samples",7,1575483602,1629127527
"Seth Vargo","GoogleCloudPlatform/oss-test-infra",9,1591137905,1615314811
"Seth Vargo","GoogleCloudPlatform/php-docs-samples",19,1579154219,1629744622
"Seth Vargo","GoogleCloudPlatform/python-docs-samples",8,1577740723,1628798656
"Seth Vargo","GoogleCloudPlatform/ruby-docs-samples",3,1579143488,1588714495
"Seth Vargo","GoogleCloudPlatform/secrets-store-csi-driver-provider-gcp",2,1591717891,1591813990
"Seth Vargo","GoogleCloudPlatform/spring-cloud-gcp",1,1647641513,1647641513
"Seth Vargo","GoogleForCreators/web-stories-wp",1,1615452449,1615452449
"Seth Vargo","Homebrew/legacy-homebrew",6,1377710929,1380602746
"Seth Vargo","apache/beam",1,1647648949,1647648949
"Seth Vargo","api-platform/demo",1,1647647144,1647647144
"Seth Vargo","atmos/warden-github",3,1468637149,1468637689
"Seth Vargo","badges/shields",2,1397163333,1397163354
"Seth Vargo","berkshelf/berkshelf-api",22,1370727434,1404852606
"Seth Vargo","berkshelf/solve",34,1371100719,1470253299
"Seth Vargo","brint/wordpress-cookbook",3,1378344036,1381255565
"Seth Vargo","btobolaski/terraform-provider-linode",1,1491841760,1491841760
"Seth Vargo","census-instrumentation/opencensus-website",1,1618322860,1618322860
"Seth Vargo","chef-boneyard/bluepill",5,1380596796,1380596980
"Seth Vargo","chef-boneyard/build-essential",41,1377377536,1408123852
"Seth Vargo","chef-boneyard/chef-client",10,1377379096,1391110296
"Seth Vargo","chef-boneyard/database",11,1352833608,1381263517
"Seth Vargo","chef-boneyard/dmg",10,1377704373,1381501302
"Seth Vargo","chef-boneyard/ohai",7,1377788834,1377789212
"Seth Vargo","chef-boneyard/omnibus-chef",41,1395699994,1409264856
"Seth Vargo","chef-boneyard/openssl",10,1377719050,1420652337
"Seth Vargo","chef-boneyard/stove",100,1377639230,1466056421
"Seth Vargo","chef-boneyard/sudo",20,1352782606,1391189773
"Seth Vargo","chef-boneyard/windows",5,1360952988,1381258142
"Seth Vargo","chef-cookbooks/iptables",1,1395954090,1395954090
"Seth Vargo","chef-cookbooks/runit",7,1377370098,1381262191
"Seth Vargo","chef-cookbooks/ssh_known_hosts",10,1359763768,1377729627
"Seth Vargo","chef/artifactory-client",100,1389918521,1409087127
"Seth Vargo","chef/bento",3,1386009769,1398878270
"Seth Vargo","chef/chef",63,1343932140,1415060536
"Seth Vargo","chef/knife-ec2",10,1373576069,1375990523
"Seth Vargo","chef/mixlib-config",3,1401828922,1401833832
"Seth Vargo","chef/omnibus",738,1393361527,1420312049
"Seth Vargo","chef/omnibus-software",209,1393361552,1409062807
"Seth Vargo","chef/supermarket",87,1382397309,1404763749
"Seth Vargo","chefspec/chefspec",407,1357611432,1474312560
"Seth Vargo","chefspec/fauxhai",167,1341767664,1476212429
"Seth Vargo","chipsalliance/verible",5,1615411215,1615500870
"Seth Vargo","collectiveidea/tinder",2,1355447820,1355448055
"Seth Vargo","customink-webops/hostsfile",108,1344038125,1424307305
"Seth Vargo","customink-webops/phantomjs",25,1341776698,1403196912
"Seth Vargo","customink/format_for_extensions",1,1338319390,1338319390
"Seth Vargo","customink/strainer",72,1342144797,1424123201
"Seth Vargo","docker-library/docs",2,1496882204,1496882394
"Seth Vargo","fatih/vim-go",1,1460760957,1460760957
"Seth Vargo","github-linguist/linguist",4,1376576979,1418943233
"Seth Vargo","go-gorm/gorm",1,1600157236,1600157236
"Seth Vargo","golang/go",2,1463084787,1484849962
"Seth Vargo","google-github-actions/auth",109,1631733164,1668784397
"Seth Vargo","google-github-actions/deploy-cloud-functions",47,1638561674,1669310612
"Seth Vargo","google-github-actions/deploy-cloudrun",33,1638573188,1667315701
"Seth Vargo","google-github-actions/get-gke-credentials",18,1638840747,1665680145
"Seth Vargo","google-github-actions/get-secretmanager-secrets",34,1638574301,1668190123
"Seth Vargo","google-github-actions/setup-gcloud",122,1581574265,1668888865
"Seth Vargo","google-github-actions/upload-cloud-storage",32,1639586028,1665679506
"Seth Vargo","google/android-fhir",1,1615412425,1615412425
"Seth Vargo","google/exposure-notifications-server",380,1588791179,1666283808
"Seth Vargo","google/exposure-notifications-verification-server",825,1592276787,1667333733
"Seth Vargo","google/filament",1,1615417336,1615417336
"Seth Vargo","google/flax",1,1615414270,1615414270
"Seth Vargo","google/fuzzbench",1,1615428915,1615428915
"Seth Vargo","google/go-github",1,1615413581,1615413581
"Seth Vargo","google/gvisor",2,1615412062,1615487104
"Seth Vargo","google/jax",3,1615411561,1615416921
"Seth Vargo","google/json5format",1,1615413722,1615413722
"Seth Vargo","google/oauth2l",13,1572631576,1574810124
"Seth Vargo","google/oss-fuzz",1,1615428863,1615428863
"Seth Vargo","google/tarpc",1,1615413397,1615413397
"Seth Vargo","googleapis/google-cloud-go",1,1576543633,1576543633
"Seth Vargo","googleapis/google-cloud-java",7,1579109386,1629306129
"Seth Vargo","googleapis/google-cloud-node",3,1576868487,1579203227
"Seth Vargo","googleapis/google-cloud-ruby",2,1629229651,1629245840
"Seth Vargo","googleapis/nodejs-kms",3,1575483602,1629127527
"Seth Vargo","googleapis/nodejs-secret-manager",5,1576868487,1580346665
"Seth Vargo","googleapis/python-kms",3,1588718779,1628798656
"Seth Vargo","googleapis/python-secret-manager",1,1578343909,1578343909
"Seth Vargo","googlearchive/cloud-functions-go",1,1520460181,1520460181
"Seth Vargo","grpc/grpc",1,1618592866,1618592866
"Seth Vargo","hashicorp/atlas-go",86,1414367588,1440789691
"Seth Vargo","hashicorp/best-practices",1,1502845548,1502845548
"Seth Vargo","hashicorp/consul",177,1412383411,1492537906
"Seth Vargo","hashicorp/consul-haproxy",3,1412877928,1412880459
"Seth Vargo","hashicorp/consul-replicate",86,1424469762,1487868433
"Seth Vargo","hashicorp/consul-template",1252,1412796027,1494366130
"Seth Vargo","hashicorp/docker-vault",1,1548279400,1548279400
"Seth Vargo","hashicorp/envconsul",164,1415074607,1492784359
"Seth Vargo","hashicorp/go-checkpoint",4,1416257753,1416259750
"Seth Vargo","hashicorp/go-multierror",2,1470880264,1470880641
"Seth Vargo","hashicorp/go-plugin",1,1453480644,1453480644
"Seth Vargo","hashicorp/go-reap",1,1499187823,1499187823
"Seth Vargo","hashicorp/go-syslog",2,1424283513,1424283586
"Seth Vargo","hashicorp/go-uuid",1,1468281386,1468281386
"Seth Vargo","hashicorp/hcl",10,1449867289,1477929875
"Seth Vargo","hashicorp/heroku-buildpack-middleman",1,1414007515,1414007515
"Seth Vargo","hashicorp/middleman-hashicorp",127,1412636042,1494363139
"Seth Vargo","hashicorp/nomad",195,1442771921,1492539306
"Seth Vargo","hashicorp/otto",27,1442772648,1462219487
"Seth Vargo","hashicorp/packer",138,1398396762,1492538661
"Seth Vargo","hashicorp/serf",72,1413986529,1492629803
"Seth Vargo","hashicorp/terraform",184,1412383873,1494020190
"Seth Vargo","hashicorp/vagrant",1125,1372089403,1492538349
"Seth Vargo","hashicorp/vagrant-installers",26,1436461062,1465935525
"Seth Vargo","hashicorp/vault",300,1488318891,1594327949
"Seth Vargo","hashicorp/vault-rails",101,1430265890,1471813007
"Seth Vargo","hashicorp/vault-ruby",231,1429904713,1484680783
"Seth Vargo","hashicorp/vault-ssh-helper",9,1449093372,1449094423
"Seth Vargo","intridea/multi_json",3,1360517658,1360518025
"Seth Vargo","kaminari/kaminari",1,1309534666,1309534666
"Seth Vargo","machow/siuba",1,1647624010,1647624010
"Seth Vargo","mistydemeo/tigerbrew",1,1357059249,1357059249
"Seth Vargo","mitchellh/cli",9,1458587708,1458922080
"Seth Vargo","mitchellh/gox",1,1444401279,1444401279
"Seth Vargo","mitchellh/vagrant-aws",1,1425482310,1425482310
"Seth Vargo","poise/application",4,1380589389,1382743433
"Seth Vargo","poise/application_python",11,1377788475,1380591668
"Seth Vargo","poise/application_ruby",9,1377373307,1381263554
"Seth Vargo","poise/python",7,1360273002,1377725578
"Seth Vargo","poise/supervisor",9,1377730197,1381372608
"Seth Vargo","posener/complete",1,1504025727,1504025727
"Seth Vargo","rabbitmq/chef-cookbook",10,1377725675,1381262646
"Seth Vargo","sethvargo/bootstrap_forms",114,1325326549,1395596236
"Seth Vargo","sethvargo/cleanroom",8,1407853940,1477322694
"Seth Vargo","sethvargo/go-password",23,1510325050,1666800762
"Seth Vargo","sethvargo/go-retry",13,1593800791,1644521497
"Seth Vargo","sethvargo/powify",52,1310094258,1435677828
"Seth Vargo","sous-chefs/apache2",11,1342199832,1381264365
"Seth Vargo","sous-chefs/apt",17,1377375435,1397753742
"Seth Vargo","sous-chefs/ark",4,1377376363,1380595811
"Seth Vargo","sous-chefs/aws",6,1377376898,1380596441
"Seth Vargo","sous-chefs/cron",7,1377703771,1380597600
"Seth Vargo","sous-chefs/erlang",4,1377704581,1377704703
"Seth Vargo","sous-chefs/fail2ban",4,1377704787,1377705002
"Seth Vargo","sous-chefs/firewall",3,1380154725,1380600868
"Seth Vargo","sous-chefs/git",6,1377705277,1380601634
"Seth Vargo","sous-chefs/haproxy",8,1377710669,1380602158
"Seth Vargo","sous-chefs/homebrew",6,1377710929,1380602746
"Seth Vargo","sous-chefs/iis",7,1377373596,1391968271
"Seth Vargo","sous-chefs/java",9,1377711816,1381201463
"Seth Vargo","sous-chefs/jenkins",141,1380138844,1407174247
"Seth Vargo","sous-chefs/logrotate",15,1377713406,1380925789
"Seth Vargo","sous-chefs/lvm",9,1377713954,1380672331
"Seth Vargo","sous-chefs/maven",8,1377373148,1380818326
"Seth Vargo","sous-chefs/memcached",8,1377714416,1380910798
"Seth Vargo","sous-chefs/mysql",16,1377715361,1383009180
"Seth Vargo","sous-chefs/nagios",7,1378580422,1381356115
"Seth Vargo","sous-chefs/nginx",17,1350764418,1394760748
"Seth Vargo","sous-chefs/ntp",14,1377717692,1381419444
"Seth Vargo","sous-chefs/openldap",8,1377718421,1381263333
"Seth Vargo","sous-chefs/openssh",9,1377718799,1381111111
"Seth Vargo","sous-chefs/passenger_apache2",10,1355721086,1377788085
"Seth Vargo","sous-chefs/perl",5,1377719947,1377720145
"Seth Vargo","sous-chefs/php",11,1377720249,1381262991
"Seth Vargo","sous-chefs/postfix",7,1377723961,1381262888
"Seth Vargo","sous-chefs/postgresql",6,1377724553,1381262779
"Seth Vargo","sous-chefs/rsyslog",12,1377369810,1381262298
"Seth Vargo","sous-chefs/sql_server",6,1377729104,1377729352
"Seth Vargo","sous-chefs/tomcat",7,1377790065,1381261494
"Seth Vargo","sous-chefs/ufw",3,1377791040,1377791097
"Seth Vargo","sous-chefs/users",15,1377791164,1395157182
"Seth Vargo","sous-chefs/varnish",7,1377791745,1381260975
"Seth Vargo","sous-chefs/yum",7,1377792003,1381201538
"Seth Vargo","spotify/rspec-dns",9,1345663731,1390859952
"Seth Vargo","terraform-google-modules/terraform-google-vault",58,1551303858,1585856713
"Seth Vargo","test-kitchen/kitchen-docs",1,1495639734,1495639734
"Seth Vargo","travis-ci/travis-ci",8,1322359970,1344177641
"Seth Vargo","travis-ci/travis-core",1,1322363587,1322363587
"Seth Vargo","wohali/couchdb-cookbook",6,1377703162,1380597493
"Tom Harvey","Azure/azure-rest-api-specs",24,1494373476,1666749268
"Tom Harvey","Azure/azure-sdk-for-go",2,1494435501,1504284132
"Tom Harvey","Azure/go-autorest",4,1503593957,1610394920
"Tom Harvey","btobolaski/terraform-provider-linode",5,1514982809,1543296189
"Tom Harvey","hashicorp/go-azure-helpers",66,1542641572,1667405935
"Tom Harvey","hashicorp/terraform",108,1477407007,1650469028
"Tom Harvey","hashicorp/terraform-provider-azuread",32,1547029716,1626860345
"Tom Harvey","hashicorp/terraform-provider-azurerm",344,1477407007,1510768545
"Tom Harvey","hashicorp/terraform-provider-null",2,1540798762,1540799020
"Tom Harvey","hashicorp/terraform-provider-random",3,1506345102,1512656599
"Tom Harvey","hashicorp/terraform-provider-template",2,1514982809,1543259836
"Tom Harvey","opentable/hobknob",1,1468506008,1468506008
"jrperritt","gophercloud/gophercloud",407,1383079274,1506356123
"jrperritt","hashicorp/terraform",83,1414619556,1423787145
"jrperritt","kubernetes/kops",3,1536186916,1536671846
"jrperritt","kubernetes/kubernetes",2,1503092963,1517357104
"jrperritt","rackerlabs/developer.rackspace.com",10,1422389637,1428387384
"jrperritt","rackspace/rack",348,1429049339,1490715648
"jrperritt","terraform-provider-openstack/terraform-provider-openstack",89,1414619556,1509684991
"tombuildsstuff","Azure/azure-rest-api-specs",1,1492597589,1492597589
"tombuildsstuff","Azure/go-autorest",4,1503435053,1505237728
"tombuildsstuff","hashicorp/docker-hub-images",1,1493211900,1493211900
"tombuildsstuff","hashicorp/go-azure-helpers",72,1542146907,1639315588
"tombuildsstuff","hashicorp/middleman-hashicorp",1,1532327341,1532327341
"tombuildsstuff","hashicorp/terraform",76,1490625340,1637171642
"tombuildsstuff","hashicorp/terraform-provider-azuread",18,1547043340,1620403476
"tombuildsstuff","hashicorp/terraform-provider-azurerm",489,1490625340,1510754652
"tombuildsstuff","opentable/hobknob",9,1468856494,1474217425
